Workbook

Sheet 가정
A1: 장삼 회차 계승 — 밸런싱 가정 (v0.1)
A2: 범례: 파란색 글씨 = 조정 가능한 입력값 / 검은색 = 수식. 노란 배경 = 핵심 레버.
A4: 항목 | B4: 값 | C4: 비고
A5: 레벨업 기본 필요 XP | B5: 25 | C5: 계승 Lv1 필요치
A6: 레벨당 필요 XP 증가분 | B6: 8 | C6: 선형 증가
A7: 레벨당 스탯 보너스 | B7: 0.01 | C7: 장삼 전용 영구 보너스 (1%/Lv)
A8: 시작 경지 해금 Lv — 이류 | B8: 5 | C8: 계승 보상: 시작 티어 상승
A9: 시작 경지 해금 Lv — 일류 | B9: 10
A10: 시작 경지 해금 Lv — 절정 | B10: 18 | C10: 계승 시작 경지 상한 (그 이상은 런 내 성장)
A11: 경지 상한 해금 Lv — 현경 | B11: 12 | C11: 런 내 도달 가능 상한 해제
A12: 경지 상한 해금 Lv — 생사경 | B12: 24
A13: 기본 전투력 (삼류 기준) | B13: 100 | C13: 전투력 = 기본 × 경지배율 × (1+스탯보너스)
A14: 파티 메타 기여율 가드레일 | B14: 0.15 | C14: 계승 만렙 시 파티 전체 전투력 증가 상한
A15: 런당 XP — 초반 (런 1~10) | B15: 60 | C15: 장삼 절정 안팎 도달 가정
A16: 런당 XP — 중반 (런 11~25) | B16: 100 | C16: 화경 도달 + 장 클리어 보너스
A17: 런당 XP — 후반 (런 26~) | B17: 150 | C17: 사관 모드 XP 배율 포함 가정
A18: 계승 XP 산식(설계 메모) | C18: 런 종료 시: 장삼 최종 경지 티어×10 + 클리어한 장×5, 사관 배율 ×1.5

Sheet 경지체계
A1: 경지 체계 (전 인물 공통 / 장삼만 7~8 접근 가능)
A3: 티어 | B3: 경지 | C3: 스탯 배율 | D3: 승급 필요 중복 계약 | E3: 누적 중복 | F3: 비고
A4: 1 | B4: 삼류 | C4: 1 | D4: 0 | E4: =D4 -> 0 | F4: 시작 경지 (계승 미보유 시)
A5: 2 | B5: 이류 | C5: 1.15 | D5: 1 | E5: =E4+D5 -> 1
A6: 3 | B6: 일류 | C6: 1.35 | D6: 1 | E6: =E5+D6 -> 2
A7: 4 | B7: 절정 | C7: 1.6 | D7: 1 | E7: =E6+D7 -> 3 | F7: 장삼 계승 '시작 경지' 상한
A8: 5 | B8: 초절정 | C8: 1.9 | D8: 2 | E8: =E7+D8 -> 5
A9: 6 | B9: 화경 | C9: 2.25 | D9: 2 | E9: =E8+D9 -> 7 | F9: 일반 인물 경지 상한
A10: 7 | B10: 현경 | C10: 2.7 | D10: 3 | E10: =E9+D10 -> 10 | F10: 장삼 전용 — 계승 Lv12 해금
A11: 8 | B11: 생사경 | C11: 3.25 | D11: 3 | E11: =E10+D11 -> 13 | F11: 장삼 전용 — 계승 Lv24 해금

Sheet 장삼계승
A1: 장삼 계승 레벨 테이블 (Lv 0~30)
A3: 계승 Lv | B3: 필요 XP | C3: 누적 XP | D3: 스탯 보너스 | E3: 시작 경지 티어 | F3: 경지 상한 티어 | G3: 마일스톤
A4: 0 | B4: =IF(A4=0,0,가정!$B$5+가정!$B$6*(A4-1)) -> 0 | C4: =B4 -> 0 | D4: =A4*가정!$B$7 -> 0 | E4: =1+IF(A4>=가정!$B$8,1,0)+IF(A4>=가정!$B$9,1,0)+IF(A4>=가정!$B$10,1,0) -> 1 | F4: =6+IF(A4>=가정!$B$11,1,0)+IF(A4>=가정!$B$12,1,0) -> 6
A5: 1 | B5: =IF(A5=0,0,가정!$B$5+가정!$B$6*(A5-1)) -> 25 | C5: =C4+B5 -> 25 | D5: =A5*가정!$B$7 -> 0.01 | E5: =1+IF(A5>=가정!$B$8,1,0)+IF(A5>=가정!$B$9,1,0)+IF(A5>=가정!$B$10,1,0) -> 1 | F5: =6+IF(A5>=가정!$B$11,1,0)+IF(A5>=가정!$B$12,1,0) -> 6
A6: 2 | B6: =IF(A6=0,0,가정!$B$5+가정!$B$6*(A6-1)) -> 33 | C6: =C5+B6 -> 58 | D6: =A6*가정!$B$7 -> 0.02 | E6: =1+IF(A6>=가정!$B$8,1,0)+IF(A6>=가정!$B$9,1,0)+IF(A6>=가정!$B$10,1,0) -> 1 | F6: =6+IF(A6>=가정!$B$11,1,0)+IF(A6>=가정!$B$12,1,0) -> 6
A7: 3 | B7: =IF(A7=0,0,가정!$B$5+가정!$B$6*(A7-1)) -> 41 | C7: =C6+B7 -> 99 | D7: =A7*가정!$B$7 -> 0.03 | E7: =1+IF(A7>=가정!$B$8,1,0)+IF(A7>=가정!$B$9,1,0)+IF(A7>=가정!$B$10,1,0) -> 1 | F7: =6+IF(A7>=가정!$B$11,1,0)+IF(A7>=가정!$B$12,1,0) -> 6
A8: 4 | B8: =IF(A8=0,0,가정!$B$5+가정!$B$6*(A8-1)) -> 49 | C8: =C7+B8 -> 148 | D8: =A8*가정!$B$7 -> 0.04 | E8: =1+IF(A8>=가정!$B$8,1,0)+IF(A8>=가정!$B$9,1,0)+IF(A8>=가정!$B$10,1,0) -> 1 | F8: =6+IF(A8>=가정!$B$11,1,0)+IF(A8>=가정!$B$12,1,0) -> 6
A9: 5 | B9: =IF(A9=0,0,가정!$B$5+가정!$B$6*(A9-1)) -> 57 | C9: =C8+B9 -> 205 | D9: =A9*가정!$B$7 -> 0.05 | E9: =1+IF(A9>=가정!$B$8,1,0)+IF(A9>=가정!$B$9,1,0)+IF(A9>=가정!$B$10,1,0) -> 2 | F9: =6+IF(A9>=가정!$B$11,1,0)+IF(A9>=가정!$B$12,1,0) -> 6 | G9: 시작 경지: 이류
A10: 6 | B10: =IF(A10=0,0,가정!$B$5+가정!$B$6*(A10-1)) -> 65 | C10: =C9+B10 -> 270 | D10: =A10*가정!$B$7 -> 0.06 | E10: =1+IF(A10>=가정!$B$8,1,0)+IF(A10>=가정!$B$9,1,0)+IF(A10>=가정!$B$10,1,0) -> 2 | F10: =6+IF(A10>=가정!$B$11,1,0)+IF(A10>=가정!$B$12,1,0) -> 6
A11: 7 | B11: =IF(A11=0,0,가정!$B$5+가정!$B$6*(A11-1)) -> 73 | C11: =C10+B11 -> 343 | D11: =A11*가정!$B$7 -> 0.07 | E11: =1+IF(A11>=가정!$B$8,1,0)+IF(A11>=가정!$B$9,1,0)+IF(A11>=가정!$B$10,1,0) -> 2 | F11: =6+IF(A11>=가정!$B$11,1,0)+IF(A11>=가정!$B$12,1,0) -> 6
A12: 8 | B12: =IF(A12=0,0,가정!$B$5+가정!$B$6*(A12-1)) -> 81 | C12: =C11+B12 -> 424 | D12: =A12*가정!$B$7 -> 0.08 | E12: =1+IF(A12>=가정!$B$8,1,0)+IF(A12>=가정!$B$9,1,0)+IF(A12>=가정!$B$10,1,0) -> 2 | F12: =6+IF(A12>=가정!$B$11,1,0)+IF(A12>=가정!$B$12,1,0) -> 6
A13: 9 | B13: =IF(A13=0,0,가정!$B$5+가정!$B$6*(A13-1)) -> 89 | C13: =C12+B13 -> 513 | D13: =A13*가정!$B$7 -> 0.09 | E13: =1+IF(A13>=가정!$B$8,1,0)+IF(A13>=가정!$B$9,1,0)+IF(A13>=가정!$B$10,1,0) -> 2 | F13: =6+IF(A13>=가정!$B$11,1,0)+IF(A13>=가정!$B$12,1,0) -> 6
A14: 10 | B14: =IF(A14=0,0,가정!$B$5+가정!$B$6*(A14-1)) -> 97 | C14: =C13+B14 -> 610 | D14: =A14*가정!$B$7 -> 0.1 | E14: =1+IF(A14>=가정!$B$8,1,0)+IF(A14>=가정!$B$9,1,0)+IF(A14>=가정!$B$10,1,0) -> 3 | F14: =6+IF(A14>=가정!$B$11,1,0)+IF(A14>=가정!$B$12,1,0) -> 6 | G14: 시작 경지: 일류
A15: 11 | B15: =IF(A15=0,0,가정!$B$5+가정!$B$6*(A15-1)) -> 105 | C15: =C14+B15 -> 715 | D15: =A15*가정!$B$7 -> 0.11 | E15: =1+IF(A15>=가정!$B$8,1,0)+IF(A15>=가정!$B$9,1,0)+IF(A15>=가정!$B$10,1,0) -> 3 | F15: =6+IF(A15>=가정!$B$11,1,0)+IF(A15>=가정!$B$12,1,0) -> 6
A16: 12 | B16: =IF(A16=0,0,가정!$B$5+가정!$B$6*(A16-1)) -> 113 | C16: =C15+B16 -> 828 | D16: =A16*가정!$B$7 -> 0.12 | E16: =1+IF(A16>=가정!$B$8,1,0)+IF(A16>=가정!$B$9,1,0)+IF(A16>=가정!$B$10,1,0) -> 3 | F16: =6+IF(A16>=가정!$B$11,1,0)+IF(A16>=가정!$B$12,1,0) -> 7 | G16: 상한 해제: 현경
A17: 13 | B17: =IF(A17=0,0,가정!$B$5+가정!$B$6*(A17-1)) -> 121 | C17: =C16+B17 -> 949 | D17: =A17*가정!$B$7 -> 0.13 | E17: =1+IF(A17>=가정!$B$8,1,0)+IF(A17>=가정!$B$9,1,0)+IF(A17>=가정!$B$10,1,0) -> 3 | F17: =6+IF(A17>=가정!$B$11,1,0)+IF(A17>=가정!$B$12,1,0) -> 7
A18: 14 | B18: =IF(A18=0,0,가정!$B$5+가정!$B$6*(A18-1)) -> 129 | C18: =C17+B18 -> 1078 | D18: =A18*가정!$B$7 -> 0.14 | E18: =1+IF(A18>=가정!$B$8,1,0)+IF(A18>=가정!$B$9,1,0)+IF(A18>=가정!$B$10,1,0) -> 3 | F18: =6+IF(A18>=가정!$B$11,1,0)+IF(A18>=가정!$B$12,1,0) -> 7
A19: 15 | B19: =IF(A19=0,0,가정!$B$5+가정!$B$6*(A19-1)) -> 137 | C19: =C18+B19 -> 1215 | D19: =A19*가정!$B$7 -> 0.15 | E19: =1+IF(A19>=가정!$B$8,1,0)+IF(A19>=가정!$B$9,1,0)+IF(A19>=가정!$B$10,1,0) -> 3 | F19: =6+IF(A19>=가정!$B$11,1,0)+IF(A19>=가정!$B$12,1,0) -> 7
A20: 16 | B20: =IF(A20=0,0,가정!$B$5+가정!$B$6*(A20-1)) -> 145 | C20: =C19+B20 -> 1360 | D20: =A20*가정!$B$7 -> 0.16 | E20: =1+IF(A20>=가정!$B$8,1,0)+IF(A20>=가정!$B$9,1,0)+IF(A20>=가정!$B$10,1,0) -> 3 | F20: =6+IF(A20>=가정!$B$11,1,0)+IF(A20>=가정!$B$12,1,0) -> 7
A21: 17 | B21: =IF(A21=0,0,가정!$B$5+가정!$B$6*(A21-1)) -> 153 | C21: =C20+B21 -> 1513 | D21: =A21*가정!$B$7 -> 0.17 | E21: =1+IF(A21>=가정!$B$8,1,0)+IF(A21>=가정!$B$9,1,0)+IF(A21>=가정!$B$10,1,0) -> 3 | F21: =6+IF(A21>=가정!$B$11,1,0)+IF(A21>=가정!$B$12,1,0) -> 7
A22: 18 | B22: =IF(A22=0,0,가정!$B$5+가정!$B$6*(A22-1)) -> 161 | C22: =C21+B22 -> 1674 | D22: =A22*가정!$B$7 -> 0.18 | E22: =1+IF(A22>=가정!$B$8,1,0)+IF(A22>=가정!$B$9,1,0)+IF(A22>=가정!$B$10,1,0) -> 4 | F22: =6+IF(A22>=가정!$B$11,1,0)+IF(A22>=가정!$B$12,1,0) -> 7 | G22: 시작 경지: 절정 (상한)
A23: 19 | B23: =IF(A23=0,0,가정!$B$5+가정!$B$6*(A23-1)) -> 169 | C23: =C22+B23 -> 1843 | D23: =A23*가정!$B$7 -> 0.19 | E23: =1+IF(A23>=가정!$B$8,1,0)+IF(A23>=가정!$B$9,1,0)+IF(A23>=가정!$B$10,1,0) -> 4 | F23: =6+IF(A23>=가정!$B$11,1,0)+IF(A23>=가정!$B$12,1,0) -> 7
A24: 20 | B24: =IF(A24=0,0,가정!$B$5+가정!$B$6*(A24-1)) -> 177 | C24: =C23+B24 -> 2020 | D24: =A24*가정!$B$7 -> 0.2 | E24: =1+IF(A24>=가정!$B$8,1,0)+IF(A24>=가정!$B$9,1,0)+IF(A24>=가정!$B$10,1,0) -> 4 | F24: =6+IF(A24>=가정!$B$11,1,0)+IF(A24>=가정!$B$12,1,0) -> 7
A25: 21 | B25: =IF(A25=0,0,가정!$B$5+가정!$B$6*(A25-1)) -> 185 | C25: =C24+B25 -> 2205 | D25: =A25*가정!$B$7 -> 0.21 | E25: =1+IF(A25>=가정!$B$8,1,0)+IF(A25>=가정!$B$9,1,0)+IF(A25>=가정!$B$10,1,0) -> 4 | F25: =6+IF(A25>=가정!$B$11,1,0)+IF(A25>=가정!$B$12,1,0) -> 7
A26: 22 | B26: =IF(A26=0,0,가정!$B$5+가정!$B$6*(A26-1)) -> 193 | C26: =C25+B26 -> 2398 | D26: =A26*가정!$B$7 -> 0.22 | E26: =1+IF(A26>=가정!$B$8,1,0)+IF(A26>=가정!$B$9,1,0)+IF(A26>=가정!$B$10,1,0) -> 4 | F26: =6+IF(A26>=가정!$B$11,1,0)+IF(A26>=가정!$B$12,1,0) -> 7
A27: 23 | B27: =IF(A27=0,0,가정!$B$5+가정!$B$6*(A27-1)) -> 201 | C27: =C26+B27 -> 2599 | D27: =A27*가정!$B$7 -> 0.23 | E27: =1+IF(A27>=가정!$B$8,1,0)+IF(A27>=가정!$B$9,1,0)+IF(A27>=가정!$B$10,1,0) -> 4 | F27: =6+IF(A27>=가정!$B$11,1,0)+IF(A27>=가정!$B$12,1,0) -> 7
A28: 24 | B28: =IF(A28=0,0,가정!$B$5+가정!$B$6*(A28-1)) -> 209 | C28: =C27+B28 -> 2808 | D28: =A28*가정!$B$7 -> 0.24 | E28: =1+IF(A28>=가정!$B$8,1,0)+IF(A28>=가정!$B$9,1,0)+IF(A28>=가정!$B$10,1,0) -> 4 | F28: =6+IF(A28>=가정!$B$11,1,0)+IF(A28>=가정!$B$12,1,0) -> 8 | G28: 상한 해제: 생사경
A29: 25 | B29: =IF(A29=0,0,가정!$B$5+가정!$B$6*(A29-1)) -> 217 | C29: =C28+B29 -> 3025 | D29: =A29*가정!$B$7 -> 0.25 | E29: =1+IF(A29>=가정!$B$8,1,0)+IF(A29>=가정!$B$9,1,0)+IF(A29>=가정!$B$10,1,0) -> 4 | F29: =6+IF(A29>=가정!$B$11,1,0)+IF(A29>=가정!$B$12,1,0) -> 8
A30: 26 | B30: =IF(A30=0,0,가정!$B$5+가정!$B$6*(A30-1)) -> 225 | C30: =C29+B30 -> 3250 | D30: =A30*가정!$B$7 -> 0.26 | E30: =1+IF(A30>=가정!$B$8,1,0)+IF(A30>=가정!$B$9,1,0)+IF(A30>=가정!$B$10,1,0) -> 4 | F30: =6+IF(A30>=가정!$B$11,1,0)+IF(A30>=가정!$B$12,1,0) -> 8
A31: 27 | B31: =IF(A31=0,0,가정!$B$5+가정!$B$6*(A31-1)) -> 233 | C31: =C30+B31 -> 3483 | D31: =A31*가정!$B$7 -> 0.27 | E31: =1+IF(A31>=가정!$B$8,1,0)+IF(A31>=가정!$B$9,1,0)+IF(A31>=가정!$B$10,1,0) -> 4 | F31: =6+IF(A31>=가정!$B$11,1,0)+IF(A31>=가정!$B$12,1,0) -> 8
A32: 28 | B32: =IF(A32=0,0,가정!$B$5+가정!$B$6*(A32-1)) -> 241 | C32: =C31+B32 -> 3724 | D32: =A32*가정!$B$7 -> 0.28 | E32: =1+IF(A32>=가정!$B$8,1,0)+IF(A32>=가정!$B$9,1,0)+IF(A32>=가정!$B$10,1,0) -> 4 | F32: =6+IF(A32>=가정!$B$11,1,0)+IF(A32>=가정!$B$12,1,0) -> 8
A33: 29 | B33: =IF(A33=0,0,가정!$B$5+가정!$B$6*(A33-1)) -> 249 | C33: =C32+B33 -> 3973 | D33: =A33*가정!$B$7 -> 0.29 | E33: =1+IF(A33>=가정!$B$8,1,0)+IF(A33>=가정!$B$9,1,0)+IF(A33>=가정!$B$10,1,0) -> 4 | F33: =6+IF(A33>=가정!$B$11,1,0)+IF(A33>=가정!$B$12,1,0) -> 8
A34: 30 | B34: =IF(A34=0,0,가정!$B$5+가정!$B$6*(A34-1)) -> 257 | C34: =C33+B34 -> 4230 | D34: =A34*가정!$B$7 -> 0.3 | E34: =1+IF(A34>=가정!$B$8,1,0)+IF(A34>=가정!$B$9,1,0)+IF(A34>=가정!$B$10,1,0) -> 4 | F34: =6+IF(A34>=가정!$B$11,1,0)+IF(A34>=가정!$B$12,1,0) -> 8 | G34: 고유 각인 '무명(無名)' — 런당 1회 소멸 무효

Sheet 시뮬레이션
A1: 회차 진행 시뮬레이션 (런 1~40) — 장삼 편성 100% 가정
A3: 런 | B3: 획득 XP | C3: 누적 XP | D3: 계승 Lv | E3: 스탯 보너스 | F3: 경지 상한 티어 | G3: 상한 배율 | H3: 장삼 최대 전투력 | I3: 화경 인물 대비 | J3: 파티 메타 기여율 | K3: 가드레일
A4: 1 | B4: =IF(A4<=10,가정!$B$15,IF(A4<=25,가정!$B$16,가정!$B$17)) -> 60 | C4: =B4 -> 60 | D4: =INDEX(장삼계승!$A$4:$A$34,MATCH(C4,장삼계승!$C$4:$C$34,1)) -> 2 | E4: =D4*가정!$B$7 -> 0.02 | F4: =6+IF(D4>=가정!$B$11,1,0)+IF(D4>=가정!$B$12,1,0) -> 6 | G4: =INDEX(경지체계!$C$4:$C$11,F4) -> 2.25 | H4: =가정!$B$13*G4*(1+E4) -> 229.5 | I4: =H4/(가정!$B$13*INDEX(경지체계!$C$4:$C$11,6)) -> 1.02 | J4: =(5*가정!$B$13*INDEX(경지체계!$C$4:$C$11,6)+H4)/(6*가정!$B$13*INDEX(경지체계!$C$4:$C$11,6))-1 -> 0.0033333333 | K4: =IF(J4<=가정!$B$14,"PASS","FAIL") -> PASS
A5: 2 | B5: =IF(A5<=10,가정!$B$15,IF(A5<=25,가정!$B$16,가정!$B$17)) -> 60 | C5: =C4+B5 -> 120 | D5: =INDEX(장삼계승!$A$4:$A$34,MATCH(C5,장삼계승!$C$4:$C$34,1)) -> 3 | E5: =D5*가정!$B$7 -> 0.03 | F5: =6+IF(D5>=가정!$B$11,1,0)+IF(D5>=가정!$B$12,1,0) -> 6 | G5: =INDEX(경지체계!$C$4:$C$11,F5) -> 2.25 | H5: =가정!$B$13*G5*(1+E5) -> 231.75 | I5: =H5/(가정!$B$13*INDEX(경지체계!$C$4:$C$11,6)) -> 1.03 | J5: =(5*가정!$B$13*INDEX(경지체계!$C$4:$C$11,6)+H5)/(6*가정!$B$13*INDEX(경지체계!$C$4:$C$11,6))-1 -> 0.005 | K5: =IF(J5<=가정!$B$14,"PASS","FAIL") -> PASS
A6: 3 | B6: =IF(A6<=10,가정!$B$15,IF(A6<=25,가정!$B$16,가정!$B$17)) -> 60 | C6: =C5+B6 -> 180 | D6: =INDEX(장삼계승!$A$4:$A$34,MATCH(C6,장삼계승!$C$4:$C$34,1)) -> 4 | E6: =D6*가정!$B$7 -> 0.04 | F6: =6+IF(D6>=가정!$B$11,1,0)+IF(D6>=가정!$B$12,1,0) -> 6 | G6: =INDEX(경지체계!$C$4:$C$11,F6) -> 2.25 | H6: =가정!$B$13*G6*(1+E6) -> 234 | I6: =H6/(가정!$B$13*INDEX(경지체계!$C$4:$C$11,6)) -> 1.04 | J6: =(5*가정!$B$13*INDEX(경지체계!$C$4:$C$11,6)+H6)/(6*가정!$B$13*INDEX(경지체계!$C$4:$C$11,6))-1 -> 0.0066666667 | K6: =IF(J6<=가정!$B$14,"PASS","FAIL") -> PASS
A7: 4 | B7: =IF(A7<=10,가정!$B$15,IF(A7<=25,가정!$B$16,가정!$B$17)) -> 60 | C7: =C6+B7 -> 240 | D7: =INDEX(장삼계승!$A$4:$A$34,MATCH(C7,장삼계승!$C$4:$C$34,1)) -> 5 | E7: =D7*가정!$B$7 -> 0.05 | F7: =6+IF(D7>=가정!$B$11,1,0)+IF(D7>=가정!$B$12,1,0) -> 6 | G7: =INDEX(경지체계!$C$4:$C$11,F7) -> 2.25 | H7: =가정!$B$13*G7*(1+E7) -> 236.25 | I7: =H7/(가정!$B$13*INDEX(경지체계!$C$4:$C$11,6)) -> 1.05 | J7: =(5*가정!$B$13*INDEX(경지체계!$C$4:$C$11,6)+H7)/(6*가정!$B$13*INDEX(경지체계!$C$4:$C$11,6))-1 -> 0.0083333333 | K7: =IF(J7<=가정!$B$14,"PASS","FAIL") -> PASS
A8: 5 | B8: =IF(A8<=10,가정!$B$15,IF(A8<=25,가정!$B$16,가정!$B$17)) -> 60 | C8: =C7+B8 -> 300 | D8: =INDEX(장삼계승!$A$4:$A$34,MATCH(C8,장삼계승!$C$4:$C$34,1)) -> 6 | E8: =D8*가정!$B$7 -> 0.06 | F8: =6+IF(D8>=가정!$B$11,1,0)+IF(D8>=가정!$B$12,1,0) -> 6 | G8: =INDEX(경지체계!$C$4:$C$11,F8) -> 2.25 | H8: =가정!$B$13*G8*(1+E8) -> 238.5 | I8: =H8/(가정!$B$13*INDEX(경지체계!$C$4:$C$11,6)) -> 1.06 | J8: =(5*가정!$B$13*INDEX(경지체계!$C$4:$C$11,6)+H8)/(6*가정!$B$13*INDEX(경지체계!$C$4:$C$11,6))-1 -> 0.01 | K8: =IF(J8<=가정!$B$14,"PASS","FAIL") -> PASS
A9: 6 | B9: =IF(A9<=10,가정!$B$15,IF(A9<=25,가정!$B$16,가정!$B$17)) -> 60 | C9: =C8+B9 -> 360 | D9: =INDEX(장삼계승!$A$4:$A$34,MATCH(C9,장삼계승!$C$4:$C$34,1)) -> 7 | E9: =D9*가정!$B$7 -> 0.07 | F9: =6+IF(D9>=가정!$B$11,1,0)+IF(D9>=가정!$B$12,1,0) -> 6 | G9: =INDEX(경지체계!$C$4:$C$11,F9) -> 2.25 | H9: =가정!$B$13*G9*(1+E9) -> 240.75 | I9: =H9/(가정!$B$13*INDEX(경지체계!$C$4:$C$11,6)) -> 1.07 | J9: =(5*가정!$B$13*INDEX(경지체계!$C$4:$C$11,6)+H9)/(6*가정!$B$13*INDEX(경지체계!$C$4:$C$11,6))-1 -> 0.011666667 | K9: =IF(J9<=가정!$B$14,"PASS","FAIL") -> PASS
A10: 7 | B10: =IF(A10<=10,가정!$B$15,IF(A10<=25,가정!$B$16,가정!$B$17)) -> 60 | C10: =C9+B10 -> 420 | D10: =INDEX(장삼계승!$A$4:$A$34,MATCH(C10,장삼계승!$C$4:$C$34,1)) -> 7 | E10: =D10*가정!$B$7 -> 0.07 | F10: =6+IF(D10>=가정!$B$11,1,0)+IF(D10>=가정!$B$12,1,0) -> 6 | G10: =INDEX(경지체계!$C$4:$C$11,F10) -> 2.25 | H10: =가정!$B$13*G10*(1+E10) -> 240.75 | I10: =H10/(가정!$B$13*INDEX(경지체계!$C$4:$C$11,6)) -> 1.07 | J10: =(5*가정!$B$13*INDEX(경지체계!$C$4:$C$11,6)+H10)/(6*가정!$B$13*INDEX(경지체계!$C$4:$C$11,6))-1 -> 0.011666667 | K10: =IF(J10<=가정!$B$14,"PASS","FAIL") -> PASS
A11: 8 | B11: =IF(A11<=10,가정!$B$15,IF(A11<=25,가정!$B$16,가정!$B$17)) -> 60 | C11: =C10+B11 -> 480 | D11: =INDEX(장삼계승!$A$4:$A$34,MATCH(C11,장삼계승!$C$4:$C$34,1)) -> 8 | E11: =D11*가정!$B$7 -> 0.08 | F11: =6+IF(D11>=가정!$B$11,1,0)+IF(D11>=가정!$B$12,1,0) -> 6 | G11: =INDEX(경지체계!$C$4:$C$11,F11) -> 2.25 | H11: =가정!$B$13*G11*(1+E11) -> 243 | I11: =H11/(가정!$B$13*INDEX(경지체계!$C$4:$C$11,6)) -> 1.08 | J11: =(5*가정!$B$13*INDEX(경지체계!$C$4:$C$11,6)+H11)/(6*가정!$B$13*INDEX(경지체계!$C$4:$C$11,6))-1 -> 0.013333333 | K11: =IF(J11<=가정!$B$14,"PASS","FAIL") -> PASS
A12: 9 | B12: =IF(A12<=10,가정!$B$15,IF(A12<=25,가정!$B$16,가정!$B$17)) -> 60 | C12: =C11+B12 -> 540 | D12: =INDEX(장삼계승!$A$4:$A$34,MATCH(C12,장삼계승!$C$4:$C$34,1)) -> 9 | E12: =D12*가정!$B$7 -> 0.09 | F12: =6+IF(D12>=가정!$B$11,1,0)+IF(D12>=가정!$B$12,1,0) -> 6 | G12: =INDEX(경지체계!$C$4:$C$11,F12) -> 2.25 | H12: =가정!$B$13*G12*(1+E12) -> 245.25 | I12: =H12/(가정!$B$13*INDEX(경지체계!$C$4:$C$11,6)) -> 1.09 | J12: =(5*가정!$B$13*INDEX(경지체계!$C$4:$C$11,6)+H12)/(6*가정!$B$13*INDEX(경지체계!$C$4:$C$11,6))-1 -> 0.015 | K12: =IF(J12<=가정!$B$14,"PASS","FAIL") -> PASS
A13: 10 | B13: =IF(A13<=10,가정!$B$15,IF(A13<=25,가정!$B$16,가정!$B$17)) -> 60 | C13: =C12+B13 -> 600 | D13: =INDEX(장삼계승!$A$4:$A$34,MATCH(C13,장삼계승!$C$4:$C$34,1)) -> 9 | E13: =D13*가정!$B$7 -> 0.09 | F13: =6+IF(D13>=가정!$B$11,1,0)+IF(D13>=가정!$B$12,1,0) -> 6 | G13: =INDEX(경지체계!$C$4:$C$11,F13) -> 2.25 | H13: =가정!$B$13*G13*(1+E13) -> 245.25 | I13: =H13/(가정!$B$13*INDEX(경지체계!$C$4:$C$11,6)) -> 1.09 | J13: =(5*가정!$B$13*INDEX(경지체계!$C$4:$C$11,6)+H13)/(6*가정!$B$13*INDEX(경지체계!$C$4:$C$11,6))-1 -> 0.015 | K13: =IF(J13<=가정!$B$14,"PASS","FAIL") -> PASS
A14: 11 | B14: =IF(A14<=10,가정!$B$15,IF(A14<=25,가정!$B$16,가정!$B$17)) -> 100 | C14: =C13+B14 -> 700 | D14: =INDEX(장삼계승!$A$4:$A$34,MATCH(C14,장삼계승!$C$4:$C$34,1)) -> 10 | E14: =D14*가정!$B$7 -> 0.1 | F14: =6+IF(D14>=가정!$B$11,1,0)+IF(D14>=가정!$B$12,1,0) -> 6 | G14: =INDEX(경지체계!$C$4:$C$11,F14) -> 2.25 | H14: =가정!$B$13*G14*(1+E14) -> 247.5 | I14: =H14/(가정!$B$13*INDEX(경지체계!$C$4:$C$11,6)) -> 1.1 | J14: =(5*가정!$B$13*INDEX(경지체계!$C$4:$C$11,6)+H14)/(6*가정!$B$13*INDEX(경지체계!$C$4:$C$11,6))-1 -> 0.016666667 | K14: =IF(J14<=가정!$B$14,"PASS","FAIL") -> PASS
A15: 12 | B15: =IF(A15<=10,가정!$B$15,IF(A15<=25,가정!$B$16,가정!$B$17)) -> 100 | C15: =C14+B15 -> 800 | D15: =INDEX(장삼계승!$A$4:$A$34,MATCH(C15,장삼계승!$C$4:$C$34,1)) -> 11 | E15: =D15*가정!$B$7 -> 0.11 | F15: =6+IF(D15>=가정!$B$11,1,0)+IF(D15>=가정!$B$12,1,0) -> 6 | G15: =INDEX(경지체계!$C$4:$C$11,F15) -> 2.25 | H15: =가정!$B$13*G15*(1+E15) -> 249.75 | I15: =H15/(가정!$B$13*INDEX(경지체계!$C$4:$C$11,6)) -> 1.11 | J15: =(5*가정!$B$13*INDEX(경지체계!$C$4:$C$11,6)+H15)/(6*가정!$B$13*INDEX(경지체계!$C$4:$C$11,6))-1 -> 0.018333333 | K15: =IF(J15<=가정!$B$14,"PASS","FAIL") -> PASS
A16: 13 | B16: =IF(A16<=10,가정!$B$15,IF(A16<=25,가정!$B$16,가정!$B$17)) -> 100 | C16: =C15+B16 -> 900 | D16: =INDEX(장삼계승!$A$4:$A$34,MATCH(C16,장삼계승!$C$4:$C$34,1)) -> 12 | E16: =D16*가정!$B$7 -> 0.12 | F16: =6+IF(D16>=가정!$B$11,1,0)+IF(D16>=가정!$B$12,1,0) -> 7 | G16: =INDEX(경지체계!$C$4:$C$11,F16) -> 2.7 | H16: =가정!$B$13*G16*(1+E16) -> 302.4 | I16: =H16/(가정!$B$13*INDEX(경지체계!$C$4:$C$11,6)) -> 1.344 | J16: =(5*가정!$B$13*INDEX(경지체계!$C$4:$C$11,6)+H16)/(6*가정!$B$13*INDEX(경지체계!$C$4:$C$11,6))-1 -> 0.057333333 | K16: =IF(J16<=가정!$B$14,"PASS","FAIL") -> PASS
... A43: 40 | B43: =IF(A43<=10,가정!$B$15,IF(A43<=25,가정!$B$16,가정!$B$17)) -> 150 | C43: =C42+B43 -> 4350 | D43: =INDEX(장삼계승!$A$4:$A$34,MATCH(C43,장삼계승!$C$4:$C$34,1)) -> 30 | E43: =D43*가정!$B$7 -> 0.3 | F43: =6+IF(D43>=가정!$B$11,1,0)+IF(D43>=가정!$B$12,1,0) -> 8 | G43: =INDEX(경지체계!$C$4:$C$11,F43) -> 3.25 | H43: =가정!$B$13*G43*(1+E43) -> 422.5 | I43: =H43/(가정!$B$13*INDEX(경지체계!$C$4:$C$11,6)) -> 1.8777778 | J43: =(5*가정!$B$13*INDEX(경지체계!$C$4:$C$11,6)+H43)/(6*가정!$B$13*INDEX(경지체계!$C$4:$C$11,6))-1 -> 0.1462963 | K43: =IF(J43<=가정!$B$14,"PASS","FAIL") -> PASS
A45: 메모: '파티 메타 기여율' = (화경5+장삼) ÷ (화경6) - 1. 장삼 개인은 강해지되 파티 전체 메타 팽창은 가드레일(15%) 이내로 통제.
